keyword,deepl
pro-inmigrante,pro-immigrant
asilados,asylum seekers
repatriado,repatriated
exilada,exiled
exilado,exiled
refugiar,refugee
inmigrado,immigrated
Refugiado,refugee
huído,refugee
deportada,deported
exiliadas,exiled
inmigra,immigrants
inmigracion,immigration
refugiadas,refugees
inmigrada,immigrant
refugiarse,refugee
antinmigrante,anti-immigrant
migrantes,migrants
reasentada,resettled
inmigrante,migrant
refugiadxs,refugee
migrante,migrant
inmigratorio,immigrant
antimigrante,anti-immigrant
Inmigración,Immigration
indocumentado,undocumented
refugió,refugee
expatriada,expatriate
acogido,hosted
deportado,deported
refugiada,refugee
indocumentada,undocumented
refugiados-,refugee-
imigrantes,migrants
emigrada,emigrated
inmigradas,immigrated
refugia,refugee
Inmigrantes,Immigrants
Refugiados,Refugees
no-inmigrante,non-immigrant
desplazada,displaced
inmigrar,immigrate
emigrantes,migrants
asilo,asylum
refugiados,refugees
refugio,refuge
inmigrantes,immigrants
immigrantes,immigrants
emigrado,migrant
inmigracionista,immigrant
emigrante,emigrant
residente,resident
imigrante,immigrant
inmigratoria,immigrant
exilio,exile
expatriado,expatriate
immigrante,immigrant
Inmigrante,immigrant
inmigración,immigration
refugee,refugee
asilado,asylum
guarecido,refugee
proinmigrante,pro-immigrant
huido,refugee
Refugiadas,refugees
refugiado,refugee
Asilado,Asylum
inmigrados,immigrants
Refugiada,Refugee
reasentado,resettled
inmigrantes-,immigrants-
indocumentados,undocumented
immigración,immigration
exiliado,exiled
repatriada,repatriated
exiliada,exiled
refugiad,refugee
inmigran,immigrate
