keyword,google
immigrati,immigrants
tal-immigranti,of immigrants
l-emigranti,emigrants
Għall-migranti,For migrants
refuġjati,refugees
L-emigranti,The emigrants
tar-Refuġjati,of Refugees
r-refuġjat,the refugee
għall-emigranti,for emigrants
mar-rifuġjati,with refugees
emigrant,emigrant
emigranti,emigrants
għall-immigranti,for immigrants
għar-Refuġjati,for Refugees
migrate,migrate
l-immigrazzjoni,immigration
jemigraw,migrate
l-immigrati,immigrants
tal-emigranti,of emigrants
fl-immigranti,in immigrants
immigranti,immigrants
emigrata,emigrated
bl-immigranti,with immigrants
ir-refuġjati,refugees
l-immigranti,immigrants
jemigra,migrate
immigrazzjoni,immigration
tar-refuġjati,of refugees
għall-Emigranti,for Emigrants
għar-Rifuġjati,for Refugees
immigraw,immigrated
r-refuġjati,refugees
emigrati,emigrants
Refuġjati,Refugees
rifuġjati,refugees
immigranta,immigrant
migranti,migrants
Migrant,Migrant
emigraw,emigrated
emigrat,emigrated
għar-refuġjati,for refugees
Immigrant,Immigrant
immigrant,immigrant
Immigranti,Immigrants
refuġjat,refugee
mar-refuġjati,with refugees
refuġju,refuge
