keyword;google;Annotation
hOscanaí;Oscani;0
n-inimirceach;immigrants;1
imirceach;migrant;1
Inimirce;Immigration;1
Morgáistí;Mortgages;0
inimirceacht;immigration;1
pan-Tuirceach;pan-Turkish;0
deireanaí;last;0
fáisteanaí;plantains;0
Imirceach;Migrant;1
inimircigh;immigrants;1
inimircí;immigrants;1
dídean;shelter;1
hinimirceoir;immigrant;1
Fritíortha;Countermeasures;0
Inimirceánaigh;Immigrants;1
cisteanaí;treasurer;0
n-inimirceoirí;immigrants;1
neamhdhlisteanaí;illegitimate;0
ceannairceach;rebel;0
inimirceoirí;immigrants;1
nDídeanaithe;Refugees;1
hinimirceoirí;immigrants;1
Mhuirceach;Welsh;0
1,27;1.27;0
deanaí;recently;0
hinimirce;immigration;1
greanaí;irritant;0
tuisceanaí;considerate;0
Féinfhostaíochta;Self-employment;0
millteanaí;destructive;0
n-imimirceach;immigrants;1
fhóirsteanaí;suitable;0
Thuirceach;Turkish;0
ndídean;shelter;1
dhídeanach;refugee;1
dTuirceach;Turkish;0
Inimirc;Immigration;1
Dhídeanaithe;Refugees;1
shíceach;psychic;0
inimirceánach;immigrant;1
Banaí;Banai;0
fóirsteanaí;suitable;0
dheireanaí;last;0
Deireanaí;Last;0
eisimirceach;emigrant;1
géinimirce;genetics;0
inimirceánaigh;immigrants;1
ianaí;ions;0
pleanaí;plans;0
dídeán;shelter;1
n-eisimirceach;emigrants;1
dhídeanaithe;refugees;1
hImpriseanaí;Impressionists;0
inimirceoir;immigrant;1
n-inimircigh;immigrants;1
hinimircigh;immigrants;1
fanaí;fanaí;0
mósaíceach;mosaic;0
ninimirceach;immigrant;1
íceach;icy;0
n-inimirceánach;immigrants;1
n-imirceach;immigrants;1
SóisialtaPáistí;SocialChildren;0
Éimeanaí;Emeralds;0
Leanaí;Children;0
selectedLeanaí;selectedChildren;0
Dídean;Shelter;1
mheanaí;means;0
Inimirceach;Immigrant;1
Eirideanas;Eirideanas;0
imirceacha;migrants;1
Puranaí;Puranaí;0
dhíbhirceach;derivative;0
Cúramóirí;Carers;0
PoiblíFostaíochtLeanaí;PublicChildren's Employment;0
t-inimirceach;immigrant;1
2009-2015;2009-2015;0
Manaí;Manna;0
Tuirceach;Turkish;0
nImirceach;immigrants;1
dídeanaithe;refugees;1
saorinimirce;free immigration;1
sasanaí;Englishman;0
Shaíceach;Psychic;0
hinimirceach;immigrant;1
inimirceacha;immigrants;1
Imirceacht;Migration;1
díbhirceach;hermit;0
tiomanaí;driver;0
PoistLeanaí;Child Jobs;0
hinimirceánaigh;immigrants;1
nDídeanaí;Refugee;1
Ghreanaí;Irritated;0
leasleanaí;stepchildren;0
ndídeanaithe;refugees;1
Cauceach;Cauceach;0
chóanaí;resident;0
dlisteanaí;legitimate;0
inimirce;immigration;1